Sun Mar 15 18:33:31 GMT+01:00 2020,109.38.142.243,52890,131.180.27.161:6427,Sun Mar 15 18:33:31 GMT+01:00 2020
Sun Mar 15 18:33:31 GMT+01:00 2020,109.38.142.243,52890,131.180.27.188:1337,Sun Mar 15 18:33:31 GMT+01:00 2020
Sun Mar 15 18:33:34 GMT+01:00 2020,109.38.142.243,52890,143.176.86.78:1155,Sun Mar 15 18:33:34 GMT+01:00 2020
Sun Mar 15 18:33:36 GMT+01:00 2020,109.38.142.243,52890,5.79.71.187:35005,Sun Mar 15 18:33:36 GMT+01:00 2020
Sun Mar 15 18:33:41 GMT+01:00 2020,109.38.142.243,52890,95.131.149.226:5613,Sun Mar 15 18:33:41 GMT+01:00 2020
Sun Mar 15 18:33:42 GMT+01:00 2020,109.38.142.243,52890,31.154.2.118:7759,Sun Mar 15 18:33:42 GMT+01:00 2020
Sun Mar 15 18:33:43 GMT+01:00 2020,109.38.142.243,52890,185.123.136.39:7759,Sun Mar 15 18:33:43 GMT+01:00 2020
Sun Mar 15 18:33:43 GMT+01:00 2020,109.38.142.243,52890,83.43.167.236:7759,Sun Mar 15 18:33:43 GMT+01:00 2020
Sun Mar 15 18:33:45 GMT+01:00 2020,109.38.142.243,52890,79.237.63.219:7759,Sun Mar 15 18:33:45 GMT+01:00 2020
Sun Mar 15 18:33:47 GMT+01:00 2020,109.38.142.243,52890,79.27.212.187:63529,Sun Mar 15 18:33:47 GMT+01:00 2020
Sun Mar 15 18:33:47 GMT+01:00 2020,109.38.142.243,52890,24.212.214.210:7759,Sun Mar 15 18:33:48 GMT+01:00 2020
Sun Mar 15 18:33:48 GMT+01:00 2020,109.38.142.243,52890,188.76.16.94:10387,Sun Mar 15 18:33:48 GMT+01:00 2020
Sun Mar 15 18:33:49 GMT+01:00 2020,109.38.142.243,52890,81.171.8.18:35030,Sun Mar 15 18:33:50 GMT+01:00 2020
Sun Mar 15 18:33:50 GMT+01:00 2020,109.38.142.243,52890,87.220.185.40:1036,Sun Mar 15 18:33:50 GMT+01:00 2020
Sun Mar 15 18:33:50 GMT+01:00 2020,109.38.142.243,52890,86.87.186.204:7759,Sun Mar 15 18:33:51 GMT+01:00 2020
Sun Mar 15 18:33:51 GMT+01:00 2020,109.38.142.243,52890,79.110.194.158:7759,Sun Mar 15 18:33:51 GMT+01:00 2020
Sun Mar 15 18:33:53 GMT+01:00 2020,109.38.142.243,52890,90.171.58.25:7759,Sun Mar 15 18:33:53 GMT+01:00 2020
Sun Mar 15 18:33:54 GMT+01:00 2020,109.38.142.243,52890,81.36.33.205:7759,Sun Mar 15 18:33:54 GMT+01:00 2020
Sun Mar 15 18:33:54 GMT+01:00 2020,109.38.142.243,52890,5.181.233.22:7759,Sun Mar 15 18:33:55 GMT+01:00 2020
Sun Mar 15 18:33:55 GMT+01:00 2020,109.38.142.243,52890,77.173.71.126:7759,Sun Mar 15 18:33:56 GMT+01:00 2020
Sun Mar 15 18:33:56 GMT+01:00 2020,109.38.142.243,52890,131.180.27.166:8090,Sun Mar 15 18:33:56 GMT+01:00 2020
Sun Mar 15 18:33:56 GMT+01:00 2020,109.38.142.243,52890,81.37.234.49:7759,Sun Mar 15 18:33:56 GMT+01:00 2020
Sun Mar 15 18:34:03 GMT+01:00 2020,109.38.142.243,52890,170.253.59.1:7759,Sun Mar 15 18:34:03 GMT+01:00 2020
Sun Mar 15 18:34:03 GMT+01:00 2020,109.38.142.243,52890,81.171.8.19:35145,Sun Mar 15 18:34:03 GMT+01:00 2020
Sun Mar 15 18:34:04 GMT+01:00 2020,109.38.142.243,52890,37.120.142.4:10931,Sun Mar 15 18:34:04 GMT+01:00 2020
Sun Mar 15 18:34:07 GMT+01:00 2020,109.38.142.243,52890,222.120.190.194:7759,Sun Mar 15 18:34:07 GMT+01:00 2020
Sun Mar 15 18:34:09 GMT+01:00 2020,109.38.142.243,52890,87.206.200.181:7759,Sun Mar 15 18:34:09 GMT+01:00 2020
Sun Mar 15 18:34:10 GMT+01:00 2020,109.38.142.243,52890,216.121.128.16:7759,Sun Mar 15 18:34:10 GMT+01:00 2020
Sun Mar 15 18:34:10 GMT+01:00 2020,109.38.142.243,52890,88.19.231.178:7759,Sun Mar 15 18:34:10 GMT+01:00 2020
Sun Mar 15 18:34:43 GMT+01:00 2020,109.38.142.243,52890,81.171.8.19:35185,Sun Mar 15 18:34:13 GMT+01:00 2020
Sun Mar 15 18:34:50 GMT+01:00 2020,109.38.142.243,52634,81.171.8.17:35070,Sun Mar 15 18:34:50 GMT+01:00 2020
Sun Mar 15 18:36:21 GMT+01:00 2020,109.38.142.243,50554,81.171.8.19:35075,Sun Mar 15 18:36:21 GMT+01:00 2020
Sun Mar 15 18:37:22 GMT+01:00 2020,109.38.142.243,52890,188.153.247.105:7759,Sun Mar 15 18:37:22 GMT+01:00 2020
Sun Mar 15 18:37:43 GMT+01:00 2020,109.38.142.243,51418,81.171.8.17:35150,Sun Mar 15 18:37:43 GMT+01:00 2020
Sun Mar 15 18:37:59 GMT+01:00 2020,109.38.142.243,51418,81.171.8.17:35040,Sun Mar 15 18:37:59 GMT+01:00 2020
Sun Mar 15 18:38:00 GMT+01:00 2020,109.38.142.243,51418,50.244.30.107:7759,Sun Mar 15 18:38:01 GMT+01:00 2020
Sun Mar 15 18:38:17 GMT+01:00 2020,109.38.142.243,51418,80.30.176.166:7759,Sun Mar 15 18:38:17 GMT+01:00 2020
Sun Mar 15 18:38:20 GMT+01:00 2020,109.38.142.243,51418,24.126.247.209:7759,Sun Mar 15 18:38:20 GMT+01:00 2020
Sun Mar 15 18:38:23 GMT+01:00 2020,109.38.142.243,52890,37.48.77.238:35020,Sun Mar 15 18:38:23 GMT+01:00 2020
Sun Mar 15 18:39:17 GMT+01:00 2020,109.38.142.243,51162,81.171.8.17:35075,Sun Mar 15 18:39:17 GMT+01:00 2020
Sun Mar 15 18:39:18 GMT+01:00 2020,109.38.142.243,51162,191.190.100.14:9873,Sun Mar 15 18:39:18 GMT+01:00 2020
Sun Mar 15 18:39:33 GMT+01:00 2020,109.38.142.243,53562,81.171.8.19:35065,Sun Mar 15 18:39:33 GMT+01:00 2020
Sun Mar 15 18:39:36 GMT+01:00 2020,109.38.142.243,53562,81.171.8.19:35105,Sun Mar 15 18:39:36 GMT+01:00 2020
Sun Mar 15 18:39:41 GMT+01:00 2020,109.38.142.243,53562,81.171.8.17:35105,Sun Mar 15 18:39:41 GMT+01:00 2020
Sun Mar 15 18:39:48 GMT+01:00 2020,109.38.142.243,53562,81.171.8.17:35020,Sun Mar 15 18:39:48 GMT+01:00 2020
Sun Mar 15 18:39:55 GMT+01:00 2020,109.38.142.243,53562,81.171.8.17:35110,Sun Mar 15 18:39:55 GMT+01:00 2020
Sun Mar 15 18:40:21 GMT+01:00 2020,109.38.142.243,53562,81.171.8.17:35080,Sun Mar 15 18:40:21 GMT+01:00 2020
Sun Mar 15 18:40:41 GMT+01:00 2020,109.38.142.243,53562,196.245.9.54:7759,Sun Mar 15 18:40:41 GMT+01:00 2020
Sun Mar 15 18:40:42 GMT+01:00 2020,109.38.142.243,48570,81.171.8.17:35170,Sun Mar 15 18:40:42 GMT+01:00 2020
Sun Mar 15 18:41:01 GMT+01:00 2020,109.38.142.243,48570,81.171.8.17:35085,Sun Mar 15 18:41:01 GMT+01:00 2020
Sun Mar 15 18:41:01 GMT+01:00 2020,109.38.142.243,48570,81.171.8.19:35085,Sun Mar 15 18:41:01 GMT+01:00 2020
Sun Mar 15 18:41:05 GMT+01:00 2020,109.38.142.243,48570,81.171.8.19:35045,Sun Mar 15 18:41:05 GMT+01:00 2020
Sun Mar 15 18:41:07 GMT+01:00 2020,109.38.142.243,48570,81.171.8.19:35160,Sun Mar 15 18:41:07 GMT+01:00 2020
Sun Mar 15 18:41:36 GMT+01:00 2020,109.38.142.243,52026,81.171.8.19:35195,Sun Mar 15 18:41:36 GMT+01:00 2020
Sun Mar 15 18:42:40 GMT+01:00 2020,109.38.142.243,51162,24.11.227.226:7759,Sun Mar 15 18:42:40 GMT+01:00 2020
Sun Mar 15 18:44:09 GMT+01:00 2020,109.38.142.243,53754,81.171.8.17:35050,Sun Mar 15 18:44:09 GMT+01:00 2020
Sun Mar 15 18:44:26 GMT+01:00 2020,109.38.142.243,53754,94.209.46.137:7759,Sun Mar 15 18:44:26 GMT+01:00 2020
Sun Mar 15 18:45:24 GMT+01:00 2020,109.38.142.243,54298,81.171.8.17:35135,Sun Mar 15 18:45:24 GMT+01:00 2020
Sun Mar 15 18:45:39 GMT+01:00 2020,109.38.142.243,54298,81.171.8.17:35060,Sun Mar 15 18:45:39 GMT+01:00 2020
Sun Mar 15 18:46:36 GMT+01:00 2020,109.38.142.243,50330,81.171.8.19:35155,Sun Mar 15 18:46:36 GMT+01:00 2020
Sun Mar 15 18:46:36 GMT+01:00 2020,109.38.142.243,50330,23.240.217.230:7759,Sun Mar 15 18:46:36 GMT+01:00 2020
Sun Mar 15 18:47:25 GMT+01:00 2020,109.38.142.243,52346,81.171.8.17:35190,Sun Mar 15 18:47:25 GMT+01:00 2020
Sun Mar 15 18:50:04 GMT+01:00 2020,109.38.142.243,52282,14.49.204.241:7759,Sun Mar 15 18:50:04 GMT+01:00 2020
Sun Mar 15 18:50:54 GMT+01:00 2020,109.38.142.243,50554,81.171.8.17:35100,Sun Mar 15 18:50:54 GMT+01:00 2020
Sun Mar 15 18:53:05 GMT+01:00 2020,109.38.142.243,53210,81.171.27.193:35005,Sun Mar 15 18:53:05 GMT+01:00 2020
Sun Mar 15 18:54:01 GMT+01:00 2020,109.38.142.243,49914,81.171.8.19:35070,Sun Mar 15 18:54:01 GMT+01:00 2020
Sun Mar 15 18:54:55 GMT+01:00 2020,109.38.142.243,49914,81.171.8.19:35080,Sun Mar 15 18:54:55 GMT+01:00 2020
Sun Mar 15 18:55:32 GMT+01:00 2020,109.38.142.243,52410,81.171.8.19:35085,Sun Mar 15 18:41:01 GMT+01:00 2020
Sun Mar 15 18:55:39 GMT+01:00 2020,109.38.142.243,52410,124.51.247.29:7759,Sun Mar 15 18:55:39 GMT+01:00 2020
Sun Mar 15 18:56:35 GMT+01:00 2020,109.38.142.243,50906,81.171.8.17:35065,Sun Mar 15 18:56:35 GMT+01:00 2020
Sun Mar 15 18:58:09 GMT+01:00 2020,109.38.142.243,46458,81.171.27.193:35015,Sun Mar 15 18:58:09 GMT+01:00 2020
Sun Mar 15 18:59:06 GMT+01:00 2020,109.38.142.243,46458,81.171.8.17:35160,Sun Mar 15 18:59:06 GMT+01:00 2020
Sun Mar 15 18:59:34 GMT+01:00 2020,109.38.142.243,51962,213.127.96.122:56443,Sun Mar 15 18:59:34 GMT+01:00 2020
Sun Mar 15 19:00:56 GMT+01:00 2020,109.38.142.243,51066,81.171.8.19:35005,Sun Mar 15 19:00:56 GMT+01:00 2020
Sun Mar 15 19:01:22 GMT+01:00 2020,109.38.142.243,53082,81.171.8.17:35050,Sun Mar 15 18:44:09 GMT+01:00 2020
Sun Mar 15 19:02:05 GMT+01:00 2020,109.38.142.243,53082,140.186.227.254:36072,Sun Mar 15 19:02:05 GMT+01:00 2020
Sun Mar 15 19:03:59 GMT+01:00 2020,109.38.142.243,53786,81.171.8.17:35150,Sun Mar 15 18:37:43 GMT+01:00 2020
Sun Mar 15 19:04:03 GMT+01:00 2020,109.38.142.243,53786,81.171.8.19:35150,Sun Mar 15 19:04:03 GMT+01:00 2020
Sun Mar 15 19:04:04 GMT+01:00 2020,109.38.142.243,53786,81.171.8.19:35180,Sun Mar 15 19:04:04 GMT+01:00 2020
Sun Mar 15 19:04:10 GMT+01:00 2020,109.38.142.243,53786,83.250.216.222:7759,Sun Mar 15 19:04:10 GMT+01:00 2020
Sun Mar 15 19:04:10 GMT+01:00 2020,109.38.142.243,53786,109.155.24.193:7759,Sun Mar 15 19:04:10 GMT+01:00 2020
Sun Mar 15 19:08:25 GMT+01:00 2020,109.38.142.243,52378,182.230.221.168:7759,Sun Mar 15 19:08:25 GMT+01:00 2020
Sun Mar 15 19:11:01 GMT+01:00 2020,109.38.142.243,51226,81.171.8.17:35115,Sun Mar 15 19:11:01 GMT+01:00 2020
Sun Mar 15 19:11:04 GMT+01:00 2020,109.38.142.243,51226,81.171.8.17:35055,Sun Mar 15 19:11:04 GMT+01:00 2020
Sun Mar 15 19:11:11 GMT+01:00 2020,109.38.142.243,51226,73.63.126.158:7759,Sun Mar 15 19:11:11 GMT+01:00 2020
Sun Mar 15 19:13:15 GMT+01:00 2020,109.38.142.243,51226,37.48.77.238:35005,Sun Mar 15 19:13:16 GMT+01:00 2020
Sun Mar 15 19:15:12 GMT+01:00 2020,109.38.142.243,50650,81.171.8.19:35135,Sun Mar 15 19:15:12 GMT+01:00 2020
Sun Mar 15 19:15:31 GMT+01:00 2020,109.38.142.243,50650,222.120.190.194:7759,Sun Mar 15 18:34:07 GMT+01:00 2020
Sun Mar 15 19:21:01 GMT+01:00 2020,109.38.142.243,53498,81.171.8.17:35025,Sun Mar 15 19:21:01 GMT+01:00 2020
Sun Mar 15 19:25:05 GMT+01:00 2020,109.38.142.243,50042,81.171.8.17:35085,Sun Mar 15 18:41:01 GMT+01:00 2020
Sun Mar 15 19:25:32 GMT+01:00 2020,109.38.142.243,50042,81.171.8.19:35065,Sun Mar 15 18:39:33 GMT+01:00 2020
Sun Mar 15 19:25:40 GMT+01:00 2020,109.38.142.243,50618,81.171.8.17:35120,Sun Mar 15 19:25:40 GMT+01:00 2020
Sun Mar 15 19:27:27 GMT+01:00 2020,109.38.142.243,50618,181.53.12.13:39994,Sun Mar 15 19:27:27 GMT+01:00 2020
Sun Mar 15 19:27:30 GMT+01:00 2020,109.38.142.243,53146,184.167.14.126:53361,Sun Mar 15 19:27:30 GMT+01:00 2020
Sun Mar 15 19:27:34 GMT+01:00 2020,109.38.142.243,53146,81.171.8.17:35125,Sun Mar 15 19:27:34 GMT+01:00 2020
Sun Mar 15 19:27:43 GMT+01:00 2020,109.38.142.243,52186,81.171.8.17:35075,Sun Mar 15 18:39:17 GMT+01:00 2020
Sun Mar 15 19:27:44 GMT+01:00 2020,109.38.142.243,52026,5.79.71.187:35010,Sun Mar 15 19:27:44 GMT+01:00 2020
Sun Mar 15 19:33:02 GMT+01:00 2020,109.38.142.243,50298,161.230.57.89:7759,Sun Mar 15 19:33:02 GMT+01:00 2020
Sun Mar 15 19:33:16 GMT+01:00 2020,109.38.142.243,50298,151.182.130.67:7759,Sun Mar 15 19:33:16 GMT+01:00 2020
Sun Mar 15 19:33:26 GMT+01:00 2020,109.38.142.243,51546,81.171.8.17:35050,Sun Mar 15 18:44:09 GMT+01:00 2020
Sun Mar 15 19:33:54 GMT+01:00 2020,109.38.142.243,51546,81.171.8.17:35170,Sun Mar 15 18:40:42 GMT+01:00 2020
Sun Mar 15 19:33:55 GMT+01:00 2020,109.38.142.243,51546,81.171.8.17:35145,Sun Mar 15 19:33:55 GMT+01:00 2020
Sun Mar 15 19:34:01 GMT+01:00 2020,109.38.142.243,51546,81.171.8.17:35165,Sun Mar 15 19:34:01 GMT+01:00 2020
Sun Mar 15 19:34:02 GMT+01:00 2020,109.38.142.243,51546,81.171.8.19:35145,Sun Mar 15 18:34:03 GMT+01:00 2020
Sun Mar 15 19:34:05 GMT+01:00 2020,109.38.142.243,51546,178.116.57.1:7759,Sun Mar 15 19:34:05 GMT+01:00 2020
